{"version": "1", "message": "ERROR: Hidden Testcases server unreachable.", "problem_id": "ads2_m6_a1_1", "user_id": "kpkishankrishna", "score": {"sample": {"0": {"execution_time": 10.209279537200928, "passed": false}, "1": {"execution_time": 2.821751594543457, "passed": false}, "2": {"execution_time": 0.17752695083618164, "passed": false}, "3": {"execution_time": 10.157594203948975, "passed": false}, "4": {"execution_time": 0.14960122108459473, "passed": false}, "5": {"execution_time": 10.153316974639893, "passed": false}, "6": {"execution_time": 0.1599740982055664, "passed": false}, "7": {"execution_time": 0.18002533912658691, "passed": false}, "8": {"execution_time": 10.15987753868103, "passed": false}, "9": {"execution_time": 0.1549999713897705, "passed": false}, "10": {"execution_time": 10.162707090377808, "passed": false}, "11": {"execution_time": 0.17086338996887207, "passed": false}}}, "check_style_score": "0/1"}