{"version": "1", "message": "ERROR: Hidden Testcases server unreachable.", "problem_id": "ads2_m6_a1_1", "user_id": "kpkishankrishna", "score": {"sample": {"0": {"execution_time": 0.1932847499847412, "passed": false}, "1": {"execution_time": 10.135693788528442, "passed": false}, "2": {"execution_time": 0.14623260498046875, "passed": false}, "3": {"execution_time": 10.143115758895874, "passed": false}, "4": {"execution_time": 0.27346301078796387, "passed": false}, "5": {"execution_time": 0.1436142921447754, "passed": false}, "6": {"execution_time": 10.142483949661255, "passed": false}, "7": {"execution_time": 0.16428256034851074, "passed": false}, "8": {"execution_time": 0.23392176628112793, "passed": false}, "9": {"execution_time": 10.144509315490723, "passed": false}, "10": {"execution_time": 0.15259289741516113, "passed": false}, "11": {"execution_time": 10.161019802093506, "passed": false}}}, "check_style_score": "0/1"}