{"version": "1", "message": "ERROR: Hidden Testcases server unreachable.", "problem_id": "ads2_m6_a1_1", "user_id": "kpkishankrishna", "score": {"sample": {"0": {"execution_time": 10.152693748474121, "passed": false}, "1": {"execution_time": 0.14735150337219238, "passed": false}, "2": {"execution_time": 0.15159392356872559, "passed": false}, "3": {"execution_time": 10.177415132522583, "passed": false}, "4": {"execution_time": 0.16356515884399414, "passed": false}, "5": {"execution_time": 10.137406826019287, "passed": false}, "6": {"execution_time": 0.1405634880065918, "passed": false}, "7": {"execution_time": 0.15761351585388184, "passed": false}, "8": {"execution_time": 10.16361379623413, "passed": false}, "9": {"execution_time": 0.157578706741333, "passed": false}, "10": {"execution_time": 10.165795803070068, "passed": false}, "11": {"execution_time": 0.1436314582824707, "passed": false}}}, "check_style_score": "0/1"}