{"version": "1", "message": "ERROR: Hidden Testcases server unreachable.", "problem_id": "ads2_m6_a1_1", "user_id": "kpkishankrishna", "score": {"sample": {"0": {"execution_time": 10.163098096847534, "passed": false}, "1": {"execution_time": 0.1488797664642334, "passed": false}, "2": {"execution_time": 0.14864850044250488, "passed": false}, "3": {"execution_time": 10.166894674301147, "passed": false}, "4": {"execution_time": 0.15286636352539062, "passed": false}, "5": {"execution_time": 10.1538565158844, "passed": false}, "6": {"execution_time": 0.16755199432373047, "passed": false}, "7": {"execution_time": 10.182686567306519, "passed": false}, "8": {"execution_time": 0.20177292823791504, "passed": false}, "9": {"execution_time": 0.15667271614074707, "passed": false}, "10": {"execution_time": 10.141935110092163, "passed": false}, "11": {"execution_time": 0.17353534698486328, "passed": false}}}, "check_style_score": "0/1"}