{"version": "1", "message": "ERROR: Hidden Testcases server unreachable.", "problem_id": "ads2_m6_a1_1", "user_id": "kpkishankrishna", "score": {"sample": {"0": {"execution_time": 10.471698522567749, "passed": false}, "1": {"execution_time": 10.450697183609009, "passed": false}, "2": {"execution_time": 10.425808429718018, "passed": false}, "3": {"execution_time": 0.34007954597473145, "passed": false}, "4": {"execution_time": 10.361566543579102, "passed": false}, "5": {"execution_time": 1.9608030319213867, "passed": false}, "6": {"execution_time": 10.374345064163208, "passed": false}, "7": {"execution_time": 10.483848333358765, "passed": false}, "8": {"execution_time": 10.452825546264648, "passed": false}, "9": {"execution_time": 10.375977516174316, "passed": false}, "10": {"execution_time": 0.39607667922973633, "passed": false}, "11": {"execution_time": 10.364246845245361, "passed": false}}}, "check_style_score": "0/1"}