{"version": "1", "message": "ERROR: Hidden Testcases server unreachable.", "problem_id": "ads2_m16_a1_1", "user_id": "kpkishankrishna", "score": {"sample": {"0": {"execution_time": 0.2496042251586914, "passed": true}, "1": {"execution_time": 0.2284228801727295, "passed": true}, "2": {"execution_time": 0.6990475654602051, "passed": true}, "3": {"execution_time": 0.5535171031951904, "passed": true}, "4": {"execution_time": 0.5585811138153076, "passed": true}, "5": {"execution_time": 0.6018259525299072, "passed": true}, "6": {"execution_time": 0.5430998802185059, "passed": true}, "7": {"execution_time": 0.6147167682647705, "passed": true}, "8": {"execution_time": 3.404505729675293, "passed": true}, "9": {"execution_time": 0.5375654697418213, "passed": true}, "10": {"execution_time": 0.5856242179870605, "passed": true}, "11": {"execution_time": 3.927645444869995, "passed": true}, "12": {"execution_time": 0.5576069355010986, "passed": true}, "13": {"execution_time": 0.37186622619628906, "passed": true}, "14": {"execution_time": 0.5366067886352539, "passed": true}, "15": {"execution_time": 0.5587522983551025, "passed": true}, "16": {"execution_time": 0.268601655960083, "passed": true}, "17": {"execution_time": 0.28643155097961426, "passed": true}, "18": {"execution_time": 0.2732198238372803, "passed": true}, "19": {"execution_time": 0.26925015449523926, "passed": true}, "20": {"execution_time": 0.35434699058532715, "passed": true}, "21": {"execution_time": 0.24828743934631348, "passed": true}, "22": {"execution_time": 0.25426411628723145, "passed": true}, "23": {"execution_time": 0.28324365615844727, "passed": true}, "24": {"execution_time": 0.21161365509033203, "passed": true}, "25": {"execution_time": 0.5385522842407227, "passed": true}, "26": {"execution_time": 0.6325569152832031, "passed": true}, "27": {"execution_time": 0.5645387172698975, "passed": true}, "28": {"execution_time": 0.8744325637817383, "passed": true}, "29": {"execution_time": 0.23015069961547852, "passed": true}}}, "check_style_score": "1/1"}