{"version": "1", "message": "ERROR: Hidden Testcases server unreachable.", "score": {"sample": {"0": {"execution_time": 0.3968813419342041, "passed": true}, "1": {"execution_time": 0.10840654373168945, "passed": true}, "2": {"execution_time": 0.2014601230621338, "passed": true}, "3": {"execution_time": 0.16985750198364258, "passed": true}, "4": {"execution_time": 0.19501638412475586, "passed": true}, "5": {"execution_time": 0.1525108814239502, "passed": true}, "6": {"execution_time": 0.10690784454345703, "passed": true}, "7": {"execution_time": 0.13764405250549316, "passed": true}, "8": {"execution_time": 0.11033320426940918, "passed": true}, "9": {"execution_time": 0.22092938423156738, "passed": true}, "10": {"execution_time": 0.1924431324005127, "passed": true}, "11": {"execution_time": 0.1171727180480957, "passed": true}, "12": {"execution_time": 0.17899489402770996, "passed": true}, "13": {"execution_time": 0.12194561958312988, "passed": true}, "14": {"execution_time": 0.1497056484222412, "passed": true}, "15": {"execution_time": 0.1439211368560791, "passed": true}, "16": {"execution_time": 0.23569631576538086, "passed": true}, "17": {"execution_time": 0.15998053550720215, "passed": true}, "18": {"execution_time": 0.2268967628479004, "passed": true}, "19": {"execution_time": 0.23747754096984863, "passed": true}, "20": {"execution_time": 0.2785625457763672, "passed": true}, "21": {"execution_time": 0.49291014671325684, "passed": true}, "22": {"execution_time": 0.186431884765625, "passed": true}, "23": {"execution_time": 0.24106812477111816, "passed": true}}}, "problem_id": "ads2_m2_a1_1", "user_id": "gangadharsingh", "check_style_score": "1/1"}