{"version": "1", "message": "ERROR: Hidden Testcases server unreachable.", "problem_id": "ads2_m2_a1_1", "user_id": "vipulcharkravarthy", "score": {"sample": {"0": {"execution_time": 0.48563480377197266, "passed": true}, "1": {"execution_time": 0.47113752365112305, "passed": true}, "2": {"execution_time": 0.2652559280395508, "passed": true}, "3": {"execution_time": 0.2519538402557373, "passed": true}, "4": {"execution_time": 0.26033639907836914, "passed": true}, "5": {"execution_time": 0.7961580753326416, "passed": true}, "6": {"execution_time": 0.4302971363067627, "passed": true}, "7": {"execution_time": 0.4390857219696045, "passed": true}, "8": {"execution_time": 0.5182390213012695, "passed": true}, "9": {"execution_time": 0.444685697555542, "passed": true}, "10": {"execution_time": 0.7354047298431396, "passed": true}, "11": {"execution_time": 0.46071887016296387, "passed": true}, "12": {"execution_time": 0.4156761169433594, "passed": true}, "13": {"execution_time": 0.730161190032959, "passed": true}, "14": {"execution_time": 0.4152648448944092, "passed": true}, "15": {"execution_time": 0.5269982814788818, "passed": true}, "16": {"execution_time": 0.5339181423187256, "passed": true}, "17": {"execution_time": 0.5760726928710938, "passed": true}, "18": {"execution_time": 1.2515218257904053, "passed": true}, "19": {"execution_time": 0.6586384773254395, "passed": true}, "20": {"execution_time": 0.4961276054382324, "passed": true}, "21": {"execution_time": 0.3969299793243408, "passed": true}, "22": {"execution_time": 0.9059090614318848, "passed": true}, "23": {"execution_time": 1.1380536556243896, "passed": true}}}, "check_style_score": "1/1"}