{"version": "1", "message": "ERROR: Hidden Testcases server unreachable.", "problem_id": "ads2_m4_a1_1", "user_id": "vipulcharkravarthy", "score": {"sample": {"0": {"execution_time": 0.3209247589111328, "passed": true}, "1": {"execution_time": 0.21898221969604492, "passed": true}, "2": {"execution_time": 0.26398229598999023, "passed": true}, "3": {"execution_time": 0.22766900062561035, "passed": true}, "4": {"execution_time": 0.23990082740783691, "passed": true}, "5": {"execution_time": 0.18956923484802246, "passed": true}, "6": {"execution_time": 0.1949753761291504, "passed": true}, "7": {"execution_time": 0.2259504795074463, "passed": true}, "8": {"execution_time": 0.19636917114257812, "passed": true}, "9": {"execution_time": 0.2021017074584961, "passed": true}, "10": {"execution_time": 0.19701743125915527, "passed": true}, "11": {"execution_time": 0.15349149703979492, "passed": true}, "12": {"execution_time": 0.24512314796447754, "passed": true}, "13": {"execution_time": 0.8744323253631592, "passed": true}, "14": {"execution_time": 0.18143939971923828, "passed": true}}}, "check_style_score": "1/1"}