{"version": "1", "message": "ERROR: Hidden Testcases server unreachable.", "problem_id": "ads2_m6_a1_1", "user_id": "vipulcharkravarthy", "score": {"sample": {"0": {"execution_time": 0.3711974620819092, "passed": false}, "1": {"execution_time": 0.4482266902923584, "passed": false}, "2": {"execution_time": 0.4195423126220703, "passed": false}, "3": {"execution_time": 0.47037839889526367, "passed": false}, "4": {"execution_time": 0.5460522174835205, "passed": false}, "5": {"execution_time": 0.5047557353973389, "passed": true}, "6": {"execution_time": 0.551016092300415, "passed": true}, "7": {"execution_time": 0.5055384635925293, "passed": false}, "8": {"execution_time": 0.5180385112762451, "passed": true}, "9": {"execution_time": 0.4835629463195801, "passed": false}, "10": {"execution_time": 0.5000884532928467, "passed": true}, "11": {"execution_time": 0.5588638782501221, "passed": false}}}, "check_style_score": "0/1"}